"";"name";"name_url";"authors";"type";"description";"link_download_citations"
"1";"Nut length–weight relationships in the endangered Nogal (Juglans neotropica Diels)";"https://link.springer.com/article/10.1007/s10722-022-01367-w";"Fernando Ramírez in Genetic Resources and Crop Evolution (2022)";"Article";"
      Nogal (Juglans neotropica Diels) is an endangered tree species planted in Bogotá city, Colombia. This work aims to study the length–weight relationships for the nuts of nogal among trees located in a city park. N...
    ";"https://citation-needed.springer.com/v2/references/10.1007/s10722-022-01367-w?format=refman&flavour=citation"
"2";"Effectiveness and efficiency of Monosodium Glutamate as a potential mutagen inducing polyploidy in Drimia indica (Roxb.) Jessop";"https://link.springer.com/article/10.1007/s10722-022-01354-1";"Richa Sinha in Genetic Resources and Crop Evolution (2022)";"Article";"
      Monosodium Glutamate is a well-known food additive with widespread usage in food industries. Contrary to that it has long been used as a cheap source of fertilizer owing to the presence of high nitrogen conten...
    ";"https://citation-needed.springer.com/v2/references/10.1007/s10722-022-01354-1?format=refman&flavour=citation"
"3";"Microsatellite markers as a tool for active germplasm management and bridging the gap between national and local collections of apple";"https://link.springer.com/article/10.1007/s10722-022-01342-5";"Edward P. Venison, Suzanne Litthauer, Peter Laws… in Genetic Resources and Crop Evolution (2022)";"Article";"
      Simple sequence repeat (SSR) microsatellite markers have been extensively used to identify duplication and analyse genetic diversity in germplasm collections of apple. Here, we present findings from the use of...
    ";"https://citation-needed.springer.com/v2/references/10.1007/s10722-022-01342-5?format=refman&flavour=citation"
"4";"Prunus arabica (Olivier) Meikle, an important genetic resource for breeding of almond: morphological and pomological characterizations";"https://link.springer.com/article/10.1007/s10722-022-01361-2";"Ali Khadivi, Farhad Mirheidari, Younes Moradi in Genetic Resources and Crop Evolution (2022)";"Article";"
      Phenotypic variation of 75 accessions of wild Prunus arabica (Olivier) Meikle species was assessed. There were significant variations among the accessions based on the characters recorded. The range of nut-relate...
    ";"https://citation-needed.springer.com/v2/references/10.1007/s10722-022-01361-2?format=refman&flavour=citation"
"5";"Genetic variations and population level admixture assessment for conservation planning of endangered Zanthoxylum armatum DC. in Western Himalaya";"https://link.springer.com/article/10.1007/s10722-021-01337-8";"Sumit Purohit, Arun K. Jugran, Indra D. Bhatt… in Genetic Resources and Crop Evolution (2022)";"Article";"
      Zanthoxylum armatum DC. (Family Rutaceae) is an important species gaining tremendous popularity owing to its multiple uses in diverse medicine systems. The species is harvested from the wild to meet the demand fo...
    ";"https://citation-needed.springer.com/v2/references/10.1007/s10722-021-01337-8?format=refman&flavour=citation"
"6";"Analysis of phenotypic variation and selection of superior genotypes of Balanites roxburghii Planch. from South India";"https://link.springer.com/article/10.1007/s10722-022-01366-x";"Guggalada Govardhana Yadav… in Genetic Resources and Crop Evolution (2022)";"Article";"
      Balanites roxburghii Planch. is an important medicinal plant of India and used in the treatment of various diseases and disorders. Seeds possess a high amount of oil and could be used in the biodiesel production....
    ";"https://citation-needed.springer.com/v2/references/10.1007/s10722-022-01366-x?format=refman&flavour=citation"
"7";"Metabolomic profiling of five hulless barley (Hordeum vulgare L.) with different";"https://link.springer.com/article/10.1007/s10722-022-01345-2";"Lijing Liang, Wenbo Li, Min Tian, Jiajia Pan… in Genetic Resources and Crop Evolution (2022)";"Article";"
      Colored hulless barley (Hordeum vulgare L.) is a high-quality germplasm resource rich in nutrients, such as protein, β-glucan, flavonoids, amino acids, vitamins, microelements, and dietary fiber. However, a syste...
    ";"https://citation-needed.springer.com/v2/references/10.1007/s10722-022-01345-2?format=refman&flavour=citation"
"8";"Association mapping, trait variation, interaction and population structure analysis in cucumber (Cucumis sativus L.)";"https://link.springer.com/article/10.1007/s10722-022-01352-3";"Rahul Kumar, Anilabh Das Munshi, Tusar Kanti Behera… in Genetic Resources and Crop Evolution (2022)";"Article";"
      In several regions of the world, low productivity in this crop is attributed to several factors including poor understanding of the genomic complexity of important traits associated with fruit quality and yiel...
    ";"https://citation-needed.springer.com/v2/references/10.1007/s10722-022-01352-3?format=refman&flavour=citation"
"9";"Genome-wide diversity in native populations of Croton grewioides Baill., a future crop with fungicidal and antioxidant activity, using SNP markers";"https://link.springer.com/article/10.1007/s10722-022-01357-y";"S. D. S. Oliveira, I. B. Gois, A. F. Blank… in Genetic Resources and Crop Evolution (2022)";"Article";"
      Croton grewioides Baill. is a medicinal and aromatic species with proven biological activity. Considering the economic potential of the species, the use of molecular markers for genetic diversity studies is of ut...
    ";"https://citation-needed.springer.com/v2/references/10.1007/s10722-022-01357-y?format=refman&flavour=citation"
"10";"Genome wide association analysis of acid detergent fiber content of 206 forage sorghum (Sorghum bicolor (L.) Moench) accessions";"https://link.springer.com/article/10.1007/s10722-022-01355-0";"Hao Niu, Yuanhuai Han, Junai Ping, Yubin Wang… in Genetic Resources and Crop Evolution (2022)";"Article";"
      Forage sorghum (Sorghum bicolor (L.) Moench) is a C4 cereal crop with excellent quality, which is widely cultivated in many countries and regions. Acid detergent fiber is widely found in the stem and leaf tissues...
    ";"https://citation-needed.springer.com/v2/references/10.1007/s10722-022-01355-0?format=refman&flavour=citation"
"11";"Morphological and molecular characterization of garlic (Allium sativum L.) genotypes sampled from Turkey";"https://link.springer.com/article/10.1007/s10722-022-01343-4";"Hayrettin Kıraç, Akife Dalda Şekerci… in Genetic Resources and Crop Evolution (2022)";"Article";"
      Garlic is a vegetable widely used both in food and as a pharmaceutical raw material in the world due to its contents. Although morphological differences are observed in garlic, which is obligatory apomicticall...
    ";"https://citation-needed.springer.com/v2/references/10.1007/s10722-022-01343-4?format=refman&flavour=citation"
"12";"Genetic diversity and population structure in medicinal plant Melissa officinalis L. (Lamiaceae)";"https://link.springer.com/article/10.1007/s10722-021-01338-7";"Fahimeh Koohdar, Masoud Sheidai in Genetic Resources and Crop Evolution (2022)";"Article";"
      Melissa officinalis is an important medicinal plant and is extensively used by locals. This species is growing in different regions of Iran and forms several local populations. There is no information on populati...
    ";"https://citation-needed.springer.com/v2/references/10.1007/s10722-021-01338-7?format=refman&flavour=citation"
"13";"Genetic diversity of Brazilian farmers-made strawberry genotypes and their relationship with commercial cultivars";"https://link.springer.com/article/10.1007/s10722-022-01350-5";"Letícia Kurchaidt Pinheiro Camargo, Laura Pilati… in Genetic Resources and Crop Evolution (2022)";"Article";"
      The cultivated strawberry [Fragaria × ananassa (Duchesne ex Weston) Duchesne ex Rozier] is one of the most valuable small fruits worldwide. There is a demand from breeders to maintain constant availability of gen...
    ";"https://citation-needed.springer.com/v2/references/10.1007/s10722-022-01350-5?format=refman&flavour=citation"
"14";"A prioritised inventory of crop wild relatives and wild harvested plants of Tunisia";"https://link.springer.com/article/10.1007/s10722-021-01340-z";"Ridha El Mokni, Giulio Barone, Nigel Maxted… in Genetic Resources and Crop Evolution (2022)";"Article";"
      An inventory of crop wild relatives (CWR) and wild harvested plants (WHP) occurring in Tunisia, based on the integration of the last available floristic checklists, is presented. The taxa were prioritised acco...
    ";"https://citation-needed.springer.com/v2/references/10.1007/s10722-021-01340-z?format=refman&flavour=citation"
"15";"Molecular distinction and population structure of Indian mustard [Brassica juncea (L.) Czern.]";"https://link.springer.com/article/10.1007/s10722-022-01346-1";"Prashant Yadav, Sushma Yadav, Anurag Mishra… in Genetic Resources and Crop Evolution (2022)";"Article";"
      Rapeseed-mustard is one of the most important oilseed crops and providing a major source of edible oil in the world besides having other economic importance like leafy vegetables, ornamentals, and hedge crops....
    ";"https://citation-needed.springer.com/v2/references/10.1007/s10722-022-01346-1?format=refman&flavour=citation"
"16";"Biology, production constraints and uses of Cyperus exculentus L. (neglected and underutilized crop species), implication for valorization: a review";"https://link.springer.com/article/10.1007/s10722-022-01344-3";"Ghislain Comlan Akabassi, Koffi Kibalou Palanga… in Genetic Resources and Crop Evolution (2022)";"Article";"
      Food security relies mainly on a few major crop species such as wheat, maize and rice, cassava and yam. Many of the cultivated plant species such as Tigernut (Cyperus exculentus) are still considered invasive pla...
    ";"https://citation-needed.springer.com/v2/references/10.1007/s10722-022-01344-3?format=refman&flavour=citation"
"17";"Deciphering higher order non-allelic interactions for quantitative characters through twelve generation mean analysis in castor (Ricinus communis L.)";"https://link.springer.com/article/10.1007/s10722-021-01339-6";"Kiran K. Mori, Jagdish Patel, Kirti Rani… in Genetic Resources and Crop Evolution (2022)";"Article";"
      The genetic architecture of oil content, seed yield and its related biometric traits in castor was investigated through generation mean analysis in four crosses viz., JP 104 × JI 433, SKP 84 × JI 433, SKP 84 × JI...
    ";"https://citation-needed.springer.com/v2/references/10.1007/s10722-021-01339-6?format=refman&flavour=citation"
"18";"Determination of genetic diversity in european cranberrybush (Viburnum opulus L.) genotypes based on morphological, phytochemical and ISSR markers";"https://link.springer.com/article/10.1007/s10722-022-01351-4";"Mehmet Yaman in Genetic Resources and Crop Evolution (2022)";"Article";"
      Turkey has a high diversity of native and commercially grown plants. European cranberrybush, a fruit species grown commercially in the country, is of interest because of its health benefits. This study aimed t...
    ";"https://citation-needed.springer.com/v2/references/10.1007/s10722-022-01351-4?format=refman&flavour=citation"
"19";"Genetic relationship and species identification of Dioscorea polystachya Turcz. in Yams determined by ISSR, ISAP, SRAP and SCAR markers";"https://link.springer.com/article/10.1007/s10722-022-01356-z";"Wang Yue, Gu Zixia, Chen Min, Zhang Yanmei… in Genetic Resources and Crop Evolution (2022)";"Article";"
      Dioscorea polystachya Turcz. is the authentic herb Yam in Chinese traditional medicine. In the medicinal marketplace, some related Dioscorea species are mislabeled as “Yams”, such as D. alata L., D. exalata C.T. ...
    ";"https://citation-needed.springer.com/v2/references/10.1007/s10722-022-01356-z?format=refman&flavour=citation"
"20";"Genetic and metabolomic differentiation of Physalis ixocarpa Brot. ex Hornem. populations in Michoacan State, Mexico";"https://link.springer.com/article/10.1007/s10722-022-01347-0";"A. L. Martínez-Vega, E. Oregel-Zamudio… in Genetic Resources and Crop Evolution (2022)";"Article";"
      Physalis ixocarpa Brot. ex Hornem. is a native species consumed in many localities of the Cienega-Chapala in the Mexican state of Michoacán. These plants are cultivated into traditional maize crops (Zea mays L.)....
    ";"https://citation-needed.springer.com/v2/references/10.1007/s10722-022-01347-0?format=refman&flavour=citation"
"21";"Schinus terebinthifolia Raddi: a comparative framework on population genetic structure in a restored area after 12 years";"https://link.springer.com/article/10.1007/s10722-022-01384-9";"Erica Moraes Santos de Souza… in Genetic Resources and Crop Evolution (2022)";"Article";"
      The success of restoration projects depends on the genetic diversity of the implanted species. It is a limiting factor, often because the seed sources are immersed in highly fragmented landscapes. In this work...
    ";"https://citation-needed.springer.com/v2/references/10.1007/s10722-022-01384-9?format=refman&flavour=citation"
"22";"Correction to: Transcriptome analyses of embryos at two developmental stages reveals important insights into oil body development and lipid accumulation in radish (Raphanus sativus L.)";"https://link.springer.com/article/10.1007/s10722-022-01386-7";"Bilin Xu, Qingyun Li, Haiping Xin, Jun Xiang… in Genetic Resources and Crop Evolution (2022)";"Article";"
      
    ";"https://citation-needed.springer.com/v2/references/10.1007/s10722-022-01386-7?format=refman&flavour=citation"
"23";"Genetic diversity of Colombian quinoa (Chenopodium quinoa Willd.): implications for breeding programs";"https://link.springer.com/article/10.1007/s10722-022-01383-w";"Elsa Helena Manjarres-Hernández… in Genetic Resources and Crop Evolution (2022)";"Article";"
      Chenopodium quinoa Willd. is a species of great interest for global food security because of its ability to adapt to different environmental conditions and its nutritional quality. In Colombia, there are few stud...
    ";"https://citation-needed.springer.com/v2/references/10.1007/s10722-022-01383-w?format=refman&flavour=citation"
"24";"Genome size, ploidy levels, and development of novel SSR primer to evaluate genetic diversity of Corylopsis Siebold & Zucc. germplasm collections";"https://link.springer.com/article/10.1007/s10722-022-01371-0";"Jason D. Lattier, Harvey E. Ballard Jr.… in Genetic Resources and Crop Evolution (2022)";"Article";"
      Corylopsis Seibold & Zucc. is a genus of flowering shrubs with few cultivars and little information on genome size, ploidy levels, and genetic relationships among taxa. The United States National Arboretum and co...
    ";"https://citation-needed.springer.com/v2/references/10.1007/s10722-022-01371-0?format=refman&flavour=citation"
"25";"De novo transcriptome assembly and development of EST-SSR markers for Pterocarpus santalinus L. f. (Red sanders), a threatened and endemic tree of India";"https://link.springer.com/article/10.1007/s10722-022-01385-8";"Sindhu Agasthikumar, Maheswari Patturaj… in Genetic Resources and Crop Evolution (2022)";"Article";"
      The endemic and precious tree Pterocarpus santalinus L. f. (Red sanders) is a drought hardy species for conservation in peninsular India due to its high risk of illegal timber harvest. It is only found in Eastern...
    ";"https://citation-needed.springer.com/v2/references/10.1007/s10722-022-01385-8?format=refman&flavour=citation"
"26";"Assessment of genetic diversity, population structure and phytochemical variations in Polygonatum cirrhifolium (Wall.) Royle: an endangered medicinal herb";"https://link.springer.com/article/10.1007/s10722-022-01378-7";"Renu Suyal, Arun K. Jugran, Indra D. Bhatt… in Genetic Resources and Crop Evolution (2022)";"Article";"
      Polygonatum cirrhifolium (Wall.) Royle is an important medicinal herb of the family Asparagaceae used to cure several ailments. The rhizome of the species forms an important ingredient of “Chyavanprash” which is ...
    ";"https://citation-needed.springer.com/v2/references/10.1007/s10722-022-01378-7?format=refman&flavour=citation"
"27";"Inheritance of purple colour and its different flavonoids profiling in F2 populations of tropical carrot (Daucus carota L.)";"https://link.springer.com/article/10.1007/s10722-022-01380-z";"Raman Selvakumar, Pritam Kalia… in Genetic Resources and Crop Evolution (2022)";"Article";"
      The results of the inheritance study revealed that the purple root epiderm (Pe) and cortex (Pcx) colour were dominant over the yellow colour of epiderm (ye) and cortex (ycx), respectively and were governed by a s...
    ";"https://citation-needed.springer.com/v2/references/10.1007/s10722-022-01380-z?format=refman&flavour=citation"
"28";"Construction of a core germplasm bank of upland cotton (Gossypium hirsutum L.) based on phenotype, genotype and favorable alleles";"https://link.springer.com/article/10.1007/s10722-022-01379-6";"Peng Han, Xiaomin Tian, Ying Wang, Cong Huang… in Genetic Resources and Crop Evolution (2022)";"Article";"
      Core germplasm banks are constructed to provide breeders with maximum genetic diversity concomitant with minimum genetic redundancy for a faster breeding process with the least number of accessions possible. I...
    ";"https://citation-needed.springer.com/v2/references/10.1007/s10722-022-01379-6?format=refman&flavour=citation"
"29";"Genotyping USDA rice (Oryza spp.) mini-core collection with functional markers for important agronomic traits";"https://link.springer.com/article/10.1007/s10722-022-01375-w";"Kehu Li, Lily Yan Wang, Huanhuan Ren, Yongyi Ge in Genetic Resources and Crop Evolution (2022)";"Article";"
      The USDA rice mini-core collection was established to capture the diversity of an entire collection of over 18,700 accessions of global origins for efficient germplasm evaluation and exploration. Previous stud...
    ";"https://citation-needed.springer.com/v2/references/10.1007/s10722-022-01375-w?format=refman&flavour=citation"
"30";"A genome-wide assessment of the genetic diversity, evolution and relationships with allied species of the clonally propagated crop Vanilla planifolia Jacks. ex Andrews";"https://link.springer.com/article/10.1007/s10722-022-01362-1";"Félicien Favre, Cyril Jourda, Michel Grisoni… in Genetic Resources and Crop Evolution (2022)";"Article";"
      The Vanilla genus is a complex taxonomic group characterized by a vegetative reproduction mode combined with intra- and inter-specific hybridizations, and polyploidy events. These factors strongly impact the dive...
    ";"https://citation-needed.springer.com/v2/references/10.1007/s10722-022-01362-1?format=refman&flavour=citation"
"31";"Genetic diversity of cambuci [Campomanesia phaea (O. Berg) Landrum] revealed by microsatellite markers";"https://link.springer.com/article/10.1007/s10722-021-01318-x";"Rafael Oliveira Moreira, Eduardo de Andrade Bressan… in Genetic Resources and Crop Evolution (2022)";"Article";"
      Campomanesia phaea (O. Berg) Landrum (Myrtaceae), known as cambuci, is a native species from the Brazilian Atlantic Forest with great potential to be developed as a new fruit crop. Microsatellite markers were dev...
    ";"https://citation-needed.springer.com/v2/references/10.1007/s10722-021-01318-x?format=refman&flavour=citation"
"32";"Desiccation and freezing tolerance of recalcitrant seeds and embryonic axes of Prunus napaulensis (Ser.) Steud.: a crop wild relative of cherry";"https://link.springer.com/article/10.1007/s10722-021-01320-3";"Vartika Srivastava, Subarna Hajong, Rahul Chandora… in Genetic Resources and Crop Evolution (2022)";"Article";"
      Prunus napaulensis (Ser.) Steud. is one of the important indigenous fruit trees of North-eastern India found in wild under niche habitat, facing immense exploitation due to its medicinally important fruits. Detai...
    ";"https://citation-needed.springer.com/v2/references/10.1007/s10722-021-01320-3?format=refman&flavour=citation"
"33";"The Phaseolus vulgaris L. Yellow Bean Collection: genetic diversity and characterization for cooking time";"https://link.springer.com/article/10.1007/s10722-021-01323-0";"Rie Sadohara, Paulo Izquierdo, Filipe Couto Alves… in Genetic Resources and Crop Evolution (2022)";"Article";"
      Common bean (Phaseolus vulgaris L.) is a nutrient-rich food, but its long cooking times hinder its wider utilization. The Yellow Bean Collection (YBC) was assembled with 295 genotypes from global sources to asses...
    ";"https://citation-needed.springer.com/v2/references/10.1007/s10722-021-01323-0?format=refman&flavour=citation"
"34";"The origin of the genus Cannabis";"https://link.springer.com/article/10.1007/s10722-021-01309-y";"Elisabeth Osterberger, Ulrike Lohwasser… in Genetic Resources and Crop Evolution (2022)";"Article";"
      Chloroplast markers (cp markers) are the useful instrument for cannabis (syn. hemp, Cannabis sativa L.) to study relationships of accessions between different geographic origins. In an alignment of three publishe...
    ";"https://citation-needed.springer.com/v2/references/10.1007/s10722-021-01309-y?format=refman&flavour=citation"
"35";"Assessment of variability in Lablab purpureus (L.) Sweet germplasm based on quantitative morphological and biochemical traits";"https://link.springer.com/article/10.1007/s10722-021-01316-z";"V. S. Vishnu, P. M. Radhamany in Genetic Resources and Crop Evolution (2022)";"Article";"
      Lablab purpureus (L.) Sweet is one of the most important underutilized legume vegetable crops, which exhibits broad genetic variability in multiple characteristics such as the habit, pigmentation of the stem, and...
    ";"https://citation-needed.springer.com/v2/references/10.1007/s10722-021-01316-z?format=refman&flavour=citation"
"36";"Inferring genetic diversity and population structure of India’s National Teak (Tectona grandis L.f.) Germplasm Bank";"https://link.springer.com/article/10.1007/s10722-021-01335-w";"Naseer Mohammad, Ankur Dahayat, Yogesh Pardhi… in Genetic Resources and Crop Evolution (2022)";"Article";"
      Teak (Tectona grandis L.f.) is a valuable tropical timber species native to South and Southeast Asia. In this study, we carried out a genetic diversity analysis among 238 accessions from 11 populations (represent...
    ";"https://citation-needed.springer.com/v2/references/10.1007/s10722-021-01335-w?format=refman&flavour=citation"
"37";"Phenotypic evolution of the wild progenitor of cultivated barley (Hordeum vulgare L. subsp. spontaneum (K. Koch) Thell.) across bioclimatic regions in Jordan";"https://link.springer.com/article/10.1007/s10722-021-01314-1";"Nawal Al-Hajaj, Stefania Grando, Maysoon Ababnah… in Genetic Resources and Crop Evolution (2022)";"Article";"
      Climate change affects the evolutionary potential and the survival of wild plant populations by acting on fitness traits. Resurrection approach was applied to investigate the phenotypic changes during the evol...
    ";"https://citation-needed.springer.com/v2/references/10.1007/s10722-021-01314-1?format=refman&flavour=citation"
"38";"ISSR marker based genetic diversity in Morinda spp. for its enhanced collection, conservation and utilization";"https://link.springer.com/article/10.1007/s10722-021-01321-2";"Lalit Arya, Ramya Kossery Narayanan, Anjali Kak… in Genetic Resources and Crop Evolution (2022)";"Article";"
      Morinda (Rubiaceae) is considerably recognized for its multiple uses viz. food, medicine, dyes, firewood, tools, oil, bio-sorbent etc. The molecular characterization of such an important plant would be very usefu...
    ";"https://citation-needed.springer.com/v2/references/10.1007/s10722-021-01321-2?format=refman&flavour=citation"
"39";"Localization of QTL for cold tolerance at the germination stage of rice (Oryza sativa L.) using recombinant inbred lines";"https://link.springer.com/article/10.1007/s10722-021-01326-x";"Liangzi Cao, Shukun Jiang, Guohua Ding… in Genetic Resources and Crop Evolution (2022)";"Article";"
      The cold tolerance of germinating direct-sown rice (Oryza sativa L.) has an increased rate of emergence, which ensures vigorous seedling growth. Research on QTL localization for cold tolerance at the germination ...
    ";"https://citation-needed.springer.com/v2/references/10.1007/s10722-021-01326-x?format=refman&flavour=citation"
"40";"Genetic variation and association mapping of phenolic, flavonoid content and antioxidant capacity in USDA rice mini-core collection";"https://link.springer.com/article/10.1007/s10722-021-01333-y";"Kehu Li, Qingzhu Li, Lily Yan Wang, Huanhuan Ren… in Genetic Resources and Crop Evolution (2022)";"Article";"
      Genotypic diversity of total phenolics, flavonoid content and antioxidant capacity in the USDA rice mini-core collection was analyzed. Wide genotypic variation was found in total phenolics, flavonoid content a...
    ";"https://citation-needed.springer.com/v2/references/10.1007/s10722-021-01333-y?format=refman&flavour=citation"
"41";"Genetic diversity in a historic lime tree allée of Széchenyi Castle in Nagycenk, Hungary";"https://link.springer.com/article/10.1007/s10722-022-01348-z";"Endre Gy. Tóth, Kinga Szilágyi, András Patyi… in Genetic Resources and Crop Evolution (2022)";"Article";"
      Trees are key components of historic gardens and are valuable sources of genetic diversity that need preservation to enrich native populations’ genetic basis in order to enhance long-term viability, and facili...
    ";"https://citation-needed.springer.com/v2/references/10.1007/s10722-022-01348-z?format=refman&flavour=citation"
"42";"Relationships between chemical composition, antioxidant activity and genetic analysis with ISSR markers in flower buds of caper plants (Capparis spinosa L.) of two subspecies spinosa and rupestris of Spanish cultivars";"https://link.springer.com/article/10.1007/s10722-021-01312-3";"Mar Grimalt, Santiago García-Martínez… in Genetic Resources and Crop Evolution (2022)";"Article";"
      Genetic diversity and variability between populations is essential for the long-term survival of plant species as well as their adaptation to different habitats. The Capparis spinosa L. has two subspecies in Spai...
    ";"https://citation-needed.springer.com/v2/references/10.1007/s10722-021-01312-3?format=refman&flavour=citation"
"43";"Genetic diversity among queen bee, worker bees and larvae in terms of retrotransposon movements";"https://link.springer.com/article/10.1007/s10722-021-01331-0";"Levent Mercan, Cihat Erdem Bulbul, Sevgi Marakli in Genetic Resources and Crop Evolution (2022)";"Article";"
      Honey bee (Apis mellifera L.) is a model organism, contributing significant effect on global ecology by pollination and examining due to its social behaviour. In this study, barley-specific Sukkula and Nikita ret...
    ";"https://citation-needed.springer.com/v2/references/10.1007/s10722-021-01331-0?format=refman&flavour=citation"
"44";"Rich diversity in cultivated Finnish potato onions (Allium cepa var. aggregatum G. Don)";"https://link.springer.com/article/10.1007/s10722-021-01317-y";"Terhi Suojala-Ahlfors, Maarit Heinonen… in Genetic Resources and Crop Evolution (2022)";"Article";"
      Potato onion (Allium cepa var. aggregatum G. Don) remained the most widely grown onion type in Finland up to the 1950’s, after which the more productive cultivars of common onion replaced this vegetatively propag...
    ";"https://citation-needed.springer.com/v2/references/10.1007/s10722-021-01317-y?format=refman&flavour=citation"
"45";"Evaluation of molecular and morphological diversity of caper (Capparis spinosa L.)";"https://link.springer.com/article/10.1007/s10722-021-01315-0";"Noshin Mahmodi, Gholam-Reza Sharifi-Sirchi… in Genetic Resources and Crop Evolution (2022)";"Article";"
      The objective of this study was the evaluation of molecular and morphological diversity among 80 caper (Capparis spinosa L.) genotypes from the 12 regions of the central Zagros Mountains located in the west of Ir...
    ";"https://citation-needed.springer.com/v2/references/10.1007/s10722-021-01315-0?format=refman&flavour=citation"
"46";"Genetic diversity and population structure of Curcuma alismatifolia Gagnep. accessions revealed by SSR markers";"https://link.springer.com/article/10.1007/s10722-021-01329-8";"Hui-Wen Yu, Ling-Jun Ke, Yi-Lan Xiao, Si-Jia Chen… in Genetic Resources and Crop Evolution (2022)";"Article";"
      Curcuma alismatifolia is a showy ornamental of the genus Curcuma. Thirty-two C. alismatifolia accessions with high morphologic diversity were collected in this study. A total of 139 alleles were detected by 27 SS...
    ";"https://citation-needed.springer.com/v2/references/10.1007/s10722-021-01329-8?format=refman&flavour=citation"
"47";"DNA marker-based auditing of genetic diversity and population structuring of Indian mango (Mangifera indica L.) elites";"https://link.springer.com/article/10.1007/s10722-021-01322-1";"Ram Chandra Jena, Pradeep Kumar Chand in Genetic Resources and Crop Evolution (2022)";"Article";"
      Despite the fact that mangoes of India exhibit a considerable diversity, barring only a few genotypes, majority of them are not adequate for commercialisation. Thus, outstanding new varieties are required to m...
    ";"https://citation-needed.springer.com/v2/references/10.1007/s10722-021-01322-1?format=refman&flavour=citation"
"48";"Genetic diversity of Lansium parasiticum (Osbeck) K. C. Sahni & Bennet accessions based on vegetative morphological characters and simple sequence repeat markers";"https://link.springer.com/article/10.1007/s10722-021-01336-9";"Darda Efendi, Hevia Purnama Sari… in Genetic Resources and Crop Evolution (2022)";"Article";"
      Morphological characters and SSR (Simple Sequence Repeat) molecular marker information were combined to study the genetic diversity of Lansium domesticum Corrêa. The research aimed to study the genetic diversity ...
    ";"https://citation-needed.springer.com/v2/references/10.1007/s10722-021-01336-9?format=refman&flavour=citation"
"49";"Collection, characterizaton, product quality evaluation, and conservation of genetic resources of yam (Dioscorea spp.) cultivars from Ekiti State, Nigeria";"https://link.springer.com/article/10.1007/s10722-022-01349-y";"Julius Olaoye Faluyi, Joshua Olumide Matthew… in Genetic Resources and Crop Evolution (2022)";"Article";"
      This study was initiated to assess the damage done to the genetic resources of yam in a core yam-producing community in Ekiti State, Southwestern Nigeria and embark on restoration through exploration, collecti...
    ";"https://citation-needed.springer.com/v2/references/10.1007/s10722-022-01349-y?format=refman&flavour=citation"
"50";"Development and application of novel InDel markers in flax (Linum usitatissimum L.) through whole-genome re-sequencing";"https://link.springer.com/article/10.1007/s10722-021-01313-2";"Hui Jiang, Gen Pan, Touming Liu, Li Chang… in Genetic Resources and Crop Evolution (2022)";"Article";"
      Flax is an important oil and fibre crop grown in Northern Europe, Canada, India, and China. The development of molecular markers has accelerated the process of flax molecular breeding and has improved yield an...
    ";"https://citation-needed.springer.com/v2/references/10.1007/s10722-021-01313-2?format=refman&flavour=citation"
"51";"Insight to the genetic diversity of pigeon pea Cajanus cajan (L.) Millsp. and cowpea  Vigna unguiculata (L.) Walp. germplasm cultivated in Nigeria based on  rbcl gene region";"https://link.springer.com/article/10.1007/s10722-022-01373-y";"Ugorji Ogbuagu Udensi, Ikenna Lasbrey Emeagi… in Genetic Resources and Crop Evolution (2022)";"Article";"
      Pigeon pea Cajanus cajan (L.) Millsp. and cowpea Vigna unguiculata (L.) Walp. are two of the important seed legumes of Africa and are relatively more drought-tolerant than many other legumes. Nigeria is the large...
    ";"https://citation-needed.springer.com/v2/references/10.1007/s10722-022-01373-y?format=refman&flavour=citation"
"52";"Complement test for distinctiveness, uniformity and stability testing of kharif onion (Allium cepa L.) varieties";"https://link.springer.com/article/10.1007/s10722-022-01372-z";"Amar Jeet Gupta, S. Anandhan… in Genetic Resources and Crop Evolution (2022)";"Article";"
      The distinctiveness, uniformity and stability (DUS) testing is important for varietal identification and protection of plant variety. It has become one of the important assays in scientific studies and consequ...
    ";"https://citation-needed.springer.com/v2/references/10.1007/s10722-022-01372-z?format=refman&flavour=citation"
"53";"Selection of reference genes for quantitative real-time PCR analysis in Lathyrus sativus L. under different development stages and drought stress";"https://link.springer.com/article/10.1007/s10722-022-01374-x";"Ying Zhang, Fengjuan Liu, Huiying Guo, Hao Ma… in Genetic Resources and Crop Evolution (2022)";"Article";"
      Grass pea (Lathyrus sativus L.) is a robust legume crop with high protein content and good stress tolerance. However, it needs genetic improvement due to the presence of several anti-nutritional factors like the ...
    ";"https://citation-needed.springer.com/v2/references/10.1007/s10722-022-01374-x?format=refman&flavour=citation"
"54";"An updated checklist of plant agrobiodiversity of northern Italy";"https://link.springer.com/article/10.1007/s10722-022-01365-y";"Marco Canella, Nicola M. G. Ardenghi… in Genetic Resources and Crop Evolution (2022)";"Article";"
      Northern Italy is an area particularly suitable for the cultivation of different crops. It used to be characterized by a high agrobiodiversity. However, it is estimated that over the last decades, this area ex...
    ";"https://citation-needed.springer.com/v2/references/10.1007/s10722-022-01365-y?format=refman&flavour=citation"
"55";"Transcriptome analyses of embryos at two developmental stages reveals important insights into oil body development and lipid accumulation in radish (Raphanus sativus L.)";"https://link.springer.com/article/10.1007/s10722-022-01370-1";"Bilin Xu, Qingyun Li, Haiping Xin, Jun Xiang… in Genetic Resources and Crop Evolution (2022)";"Article";"
      Radish is used widely as a root vegetable and is also suitable for production of edible oil. However, the mechanism of development of the oil body and the accumulation of oil in the seeds of radish have rarely...
    ";"https://citation-needed.springer.com/v2/references/10.1007/s10722-022-01370-1?format=refman&flavour=citation"
"56";"Characterization of Ribulose-1,5-bisphosphate carboxylase-oxygenase activase (Rca) genes in durum wheat";"https://link.springer.com/article/10.1007/s10722-022-01369-8";"Domenica Nigro, Stefania L. Giove… in Genetic Resources and Crop Evolution (2022)";"Article";"
      Durum wheat (T. turgidum L. var. durum) is one of the most widely cultivated cereal crop in the Mediterranean area. Its production has been triggered by drought and rising temperature, both affecting the photosyn...
    ";"https://citation-needed.springer.com/v2/references/10.1007/s10722-022-01369-8?format=refman&flavour=citation"
"57";"Genetic variation, heritability, genetic advance, micronutrients, and grain morphology trait associations in EMS induced mutant lines of wheat (Triticum aestivum L.)";"https://link.springer.com/article/10.1007/s10722-022-01363-0";"Jitendra Kumar, Ashish Kumar, Ankita Mishra… in Genetic Resources and Crop Evolution (2022)";"Article";"
      Micronutrients especially iron (Fe) and zinc (Zn) are essential for human health, whose deficiency is a global concern. The direct intake of Fe and Zn can be adapted via, enhancing the concentration of the sam...
    ";"https://citation-needed.springer.com/v2/references/10.1007/s10722-022-01363-0?format=refman&flavour=citation"
"58";"Biodiversity hotspots for conservation of Hancornia speciosa Gomes";"https://link.springer.com/article/10.1007/s10722-022-01368-9";"Sheila Valéria Álvares-Carvalho… in Genetic Resources and Crop Evolution (2022)";"Article";"
      Hancornia speciosa is one target species for genetic diversity ethnobotanical and medicinal applications within the Brazilian Northeast Atlantic Forest biodiversity hotspot. However, information on the genetic va...
    ";"https://citation-needed.springer.com/v2/references/10.1007/s10722-022-01368-9?format=refman&flavour=citation"
"59";"Nucleotide polymorphisms of the maize ZmCWINV3 gene and their association with ear-related traits";"https://link.springer.com/article/10.1007/s10722-022-01360-3";"Minyan Zhu, Yue Lu, Rujia Chen, Tianyun Tao… in Genetic Resources and Crop Evolution (2022)";"Article";"
      Cell-wall invertases (CWINVs), responsible for the hydrolysis of sucrose into glucose and fructose, play important roles in plant development. Maize (Zea mays L.) ear-related traits were suggested to be important...
    ";"https://citation-needed.springer.com/v2/references/10.1007/s10722-022-01360-3?format=refman&flavour=citation"
"60";"Genetic evidence of stable northward extension of Pinus thunbergii Parl. forests in the Democratic People’s Republic of Korea";"https://link.springer.com/article/10.1007/s10722-022-01359-w";"Un-Hyang Ho, Sam-Rang Song, Hak-Song Pak, Kang Kim… in Genetic Resources and Crop Evolution (2022)";"Article";"
      Japanese black pine (Pinus thunbergii Parl.) with high salt tolerance may be an important constitutive element sustaining terrestrial ecosystem by playing a role of windbreak forests in coastal areas. Korean peni...
    ";"https://citation-needed.springer.com/v2/references/10.1007/s10722-022-01359-w?format=refman&flavour=citation"
"61";"Understanding genetic diversity in blackgram [Vigna mungo (L.) Hepper] collections of Indian National Genebank";"https://link.springer.com/article/10.1007/s10722-021-01301-6";"Gayacharan, Kuldeep Tripathi, Muraleedhar S. Aski… in Genetic Resources and Crop Evolution (2022)";"Article";"
      Blackgram [Vigna mungo (L.) Hepper] is a protein rich pulse crop of Indian origin. The crop is cultivated in diverse range of agro-ecological regions, cropping systems and cultural environments, since ancient tim...
    ";"https://citation-needed.springer.com/v2/references/10.1007/s10722-021-01301-6?format=refman&flavour=citation"
"62";"Potato landraces and their wild relatives in 3 micro-centers of diversity in Ecuador: farmers' perception and ecogeography";"https://link.springer.com/article/10.1007/s10722-021-01285-3";"Á. Monteros-Altamirano, F. Yumisaca-Jiménez… in Genetic Resources and Crop Evolution (2022)";"Article";"
      Ecuador is one of the centers of diversity for wild and cultivated potatoes. Three micro-centers of diversity were previously identified based on germplasm collecting passport data of potato landraces and thei...
    ";"https://citation-needed.springer.com/v2/references/10.1007/s10722-021-01285-3?format=refman&flavour=citation"
"63";"A bioinformatic insight into the genetic diversity within pomegranate cultivars: from nuclear to chloroplast genes";"https://link.springer.com/article/10.1007/s10722-021-01297-z";"Shiva Shahsavari, Zahra Noormohammadi… in Genetic Resources and Crop Evolution (2022)";"Article";"
      The pomegranate (Punica granatum L.) is an ancient fruit plant which has been consumed for its nutritional value and medicinal properties by mankind. Several studies have been carried out on the genetic variabili...
    ";"https://citation-needed.springer.com/v2/references/10.1007/s10722-021-01297-z?format=refman&flavour=citation"
"64";"Conservation and use of genetic resources of cacao (Theobroma cacao L.) by gene banks and nurseries in six Latin American countries";"https://link.springer.com/article/10.1007/s10722-021-01304-3";"Viviana Ceccarelli, Sphyros Lastra… in Genetic Resources and Crop Evolution (2022)";"Article";"
      Cacao (Theobroma
      cacao L.) is among the most important cash crops in tropical countries. The existing cacao genetic diversity represents a key resource to ensure the long-term sustainability of cacao cultivation ...
    ";"https://citation-needed.springer.com/v2/references/10.1007/s10722-021-01304-3?format=refman&flavour=citation"
"65";"Generation means analysis of traits related to lodging using two crosses of durum × emmer wheat";"https://link.springer.com/article/10.1007/s10722-021-01288-0";"Majid Mohammadi, Aghafakhr Mirlohi… in Genetic Resources and Crop Evolution (2022)";"Article";"
      Lodging is one of the most important factors that affect wheat final yield. Emmer [Triticum turgidum subsp. dicoccum (Schrank ex Schübl.) Thell.] is a likely gene source to improve durum wheat [T. turgidum L. ...
    ";"https://citation-needed.springer.com/v2/references/10.1007/s10722-021-01288-0?format=refman&flavour=citation"
"66";"A molecular identification of medicinal Rheum Species cultivated germplasm from the northwest of China using DNA barcoding";"https://link.springer.com/article/10.1007/s10722-021-01276-4";"Dawei Chen, Hui Zhang, Libo Chang, Lingyun Jia… in Genetic Resources and Crop Evolution (2022)";"Article";"
      Rheum Species (Rhubarb) was widely known as a purgative and antiinflammatory agent. In the Chinese Pharmacopoeia, rhubarb was prescribed for three Rheum species, Rheum palmatum, R. tanguticum and R. officinale. D...
    ";"https://citation-needed.springer.com/v2/references/10.1007/s10722-021-01276-4?format=refman&flavour=citation"
"67";"Structure and genetic diversity of macauba [Acrocomia aculeata (Jacq.) Lodd. ex Mart.] approached by SNP markers to assist breeding strategies";"https://link.springer.com/article/10.1007/s10722-021-01295-1";"Bruno Galvêas Laviola, Adriano dos Santos… in Genetic Resources and Crop Evolution (2022)";"Article";"
      Macauba palm [Acrocomia aculeata (Jacq.) Lodd. ex Mart.] is a perennial oil, it stands out for having several characteristics of commercial interest, mainly for producing oil for biodiesel, it has high oil produc...
    ";"https://citation-needed.springer.com/v2/references/10.1007/s10722-021-01295-1?format=refman&flavour=citation"
"68";"Misidentification of Macrotyloma sar-garhwalensis R.D.Gaur & L.R.Dangwal and its implication in horsegram germplasm management";"https://link.springer.com/article/10.1007/s10722-021-01330-1";"K. Pradheep, M. Latha, E. Roshini Nayar, K. V. Bhat in Genetic Resources and Crop Evolution (2022)";"Article";"
      Correcting taxonomic misidentifications is crucial to ensuring the conservation and use of wild relatives in crop breeding programmes. Macrotyloma sar-garhwalensis R.D.Gaur & L.R.Dangwal, described as a new speci...
    ";"https://citation-needed.springer.com/v2/references/10.1007/s10722-021-01330-1?format=refman&flavour=citation"
"69";"The genetic diversity of wild grapes in Mexico";"https://link.springer.com/article/10.1007/s10722-021-01307-0";"Karla G. Huerta-Acosta, Summaira Riaz… in Genetic Resources and Crop Evolution (2022)";"Article";"
      This is the first report evaluating the genetic diversity of Mexican grape species utilizing DNA-based markers to understand the distribution of grape species, and patterns of hybridization. The study utilized...
    ";"https://citation-needed.springer.com/v2/references/10.1007/s10722-021-01307-0?format=refman&flavour=citation"
"70";"Fine mapping of a minor QTL on chromosome 2 controlling flowering time in Brassica napus L";"https://link.springer.com/article/10.1007/s10722-021-01290-6";"Dongfang Cai, Shufen Zhang, Jianping Wang… in Genetic Resources and Crop Evolution (2022)";"Article";"
      Brassica napus L. is the third most cultivated oil crop in the world. Flowering time is one of the important agronomic traits that affecting crop yield. In this study, we constructed an early flowering near-isoge...
    ";"https://citation-needed.springer.com/v2/references/10.1007/s10722-021-01290-6?format=refman&flavour=citation"
"71";"Identification and development of key descriptors for phenotypic characterization of tuber cowpea [Vigna vexillata (L.) A. Rich.]";"https://link.springer.com/article/10.1007/s10722-021-01328-9";"Kuldeep Tripathi, R. K. Pamarthi, Padmavati G. Gore… in Genetic Resources and Crop Evolution (2022)";"Article";"
      Tuber Cowpea [(Vigna vexillata (L.) A. Rich.] collection conserved in Indian National Genebank was grown for developing key morphological descriptors and descriptor states for its characterization and preliminary...
    ";"https://citation-needed.springer.com/v2/references/10.1007/s10722-021-01328-9?format=refman&flavour=citation"
"72";"Genetic diversity and population structure analysis of Grass pea (Lathyrus sativus L.) accessions collected from North-Western Ethiopia using SSR markers";"https://link.springer.com/article/10.1007/s10722-021-01302-5";"Desalegn Abebe Mekonen, Adane Abraham… in Genetic Resources and Crop Evolution (2022)";"Article";"
      Grass pea (Lathyrus sativus L.) is a legume crop known to be an excellent source of protein, tolerant to drought, waterlogging, and salinity. The crop is used as an alternative source of protein to reduce malnutr...
    ";"https://citation-needed.springer.com/v2/references/10.1007/s10722-021-01302-5?format=refman&flavour=citation"
"73";"Breeding strategy for resistance to Striga asiatica (L.) Kuntze based on genetic diversity and population structure of tropical maize (Zea mays L.) lines";"https://link.springer.com/article/10.1007/s10722-021-01274-6";"Edmore Gasura, Brian Nyandoro, Stanford Mabasa… in Genetic Resources and Crop Evolution (2022)";"Article";"
      Maize (Zea mays L.) is a major staple crop in southern Africa and is produced on millions of hectares. However, its yield is greatly reduced by Striga spp. a witchweed which is causing US$ 7 billion losses annual...
    ";"https://citation-needed.springer.com/v2/references/10.1007/s10722-021-01274-6?format=refman&flavour=citation"
"74";"Dissecting four correlated growth period traits using a genome-wide association study approach in soybean";"https://link.springer.com/article/10.1007/s10722-021-01293-3";"Yanfei Li, Ying-hui Li, Huilong Hong, Yansong Ma… in Genetic Resources and Crop Evolution (2022)";"Article";"
      Soybean [Glycine max (L.) Merr.] is a short-day, photoperiod-sensitive crop. The vegetative growth period (V), reproductive growth period (R), whole growth period (V + R) and the ratio of growth period structure ...
    ";"https://citation-needed.springer.com/v2/references/10.1007/s10722-021-01293-3?format=refman&flavour=citation"
"75";"On-farm diversity of common bean (Phaseolus vulgaris L.) varieties in east Hararghe Zone, Eastern Ethiopia";"https://link.springer.com/article/10.1007/s10722-021-01281-7";"Sate Sahle, Tamado Tana, Nigussie Dechassa… in Genetic Resources and Crop Evolution (2022)";"Article";"
      Common bean (Phaseolus vulgaris L.) is an important source of food and income. However, its on-farm diversity and conservation by smallholder farmers is not known in the east Hararghe Zone of eastern Ethiopia. Th...
    ";"https://citation-needed.springer.com/v2/references/10.1007/s10722-021-01281-7?format=refman&flavour=citation"
"76";"Developing first microsatellites and analysing genetic diversity in six chia (Salvia hispanica L.) cultivars";"https://link.springer.com/article/10.1007/s10722-021-01305-2";"G. H. Yue, C. C. Lai, M. Lee, L. Wang, Z. J. Song in Genetic Resources and Crop Evolution (2022)";"Article";"
      Chia (Salvia hispanica L.), originated in central and southern Mexico and Guatemala, is an emerging industry crop due to its high content of omega‐3 fatty acids and dietary fiber in its seeds. The seeds also have...
    ";"https://citation-needed.springer.com/v2/references/10.1007/s10722-021-01305-2?format=refman&flavour=citation"
"77";"Development of high yielding early matured and shattering tolerant Brassica napus L. through interspecific hybridization between B. rapa L. and B. oleracea L.";"https://link.springer.com/article/10.1007/s10722-021-01277-3";"Gour Gobindo Das, Md. Abdul Malek… in Genetic Resources and Crop Evolution (2022)";"Article";"
      Brassica napus L is an important oilseed crops grown throughout many parts of the world. It is well adapted to long day photoperiods. Synthetic B. napus was produced through interspecific hybridization between B....
    ";"https://citation-needed.springer.com/v2/references/10.1007/s10722-021-01277-3?format=refman&flavour=citation"
"78";"Assessment of molecular genetic diversity of 384 chickpea genotypes and development of core set of 192 genotypes for chickpea improvement programs";"https://link.springer.com/article/10.1007/s10722-021-01296-0";"Humara Fayaz, Asma Hamid Mir, Sandhya Tyagi… in Genetic Resources and Crop Evolution (2022)";"Article";"
      Cicer arietinum L. (chickpea) is one of the most significant legume crops domesticated in the Fertile Crescent. This study was aimed to characterize a diverse composite set of 384 Cicer genotypes using unlinked s...
    ";"https://citation-needed.springer.com/v2/references/10.1007/s10722-021-01296-0?format=refman&flavour=citation"
"79";"Analysis of genetic diversity in Prunus sibirica L. in inner Mongolia using SCoT molecular markers";"https://link.springer.com/article/10.1007/s10722-021-01284-4";"Ha Buer, Sa Rula, Zi Yuan Wang, Shu Fang, Yu´e Bai in Genetic Resources and Crop Evolution (2022)";"Article";"
      Population genetic diversity contributes to the protection and utilization of germplasm resources, especially via genetic breeding. In the present study, start codon targeted polymorphism (SCoT) molecular mark...
    ";"https://citation-needed.springer.com/v2/references/10.1007/s10722-021-01284-4?format=refman&flavour=citation"
"80";"Assessment of the phenotypic diversity in natural populations of Annona coriacea Mart.: implications for breeding";"https://link.springer.com/article/10.1007/s10722-021-01289-z";"Samara Raquel de Sousa, Marcones Ferreira Costa… in Genetic Resources and Crop Evolution (2022)";"Article";"
      Annona coriacea Mart. is a native tree to the savannas of Brazil that produces fruits that have economic, ecological, and dietary potential for use by local communities and the food industry. The conservation and...
    ";"https://citation-needed.springer.com/v2/references/10.1007/s10722-021-01289-z?format=refman&flavour=citation"
"81";"Genetic diversity in accessions of lima bean (Phaseolus lunatus L.) determined from agro-morphological descriptors and SSR markers for use in breeding programs in Brazil";"https://link.springer.com/article/10.1007/s10722-021-01272-8";"Carolline de Jesús Pires, Marcones Ferreira Costa… in Genetic Resources and Crop Evolution (2022)";"Article";"
      Lima bean (Phaseolus lunatus L.) have high genetic diversity, especially in Brazil, which has been maintained both on farms and in germplasm banks. Knowledge of the genetic diversity of germplasm in landraces is ...
    ";"https://citation-needed.springer.com/v2/references/10.1007/s10722-021-01272-8?format=refman&flavour=citation"
"82";"Genetic variation underlying kernel size, shape, and color in two interspecific S. bicolor2 × S. halepense subpopulations";"https://link.springer.com/article/10.1007/s10722-021-01303-4";"Pheonah Nabukalu, Wenqian Kong, Thomas Stan Cox… in Genetic Resources and Crop Evolution (2022)";"Article";"
      Throughout the history of sorghum domestication, kernel traits have been subject to extensive selection. Breeding of grain sorghum is highly dependent on kernel morphology, which influences yield and quality. ...
    ";"https://citation-needed.springer.com/v2/references/10.1007/s10722-021-01303-4?format=refman&flavour=citation"
"83";"Genetic loci and responsible genes for pod and seed traits under diverse environments via linkage mapping analysis in soybean [Glycine max (L.) Merr.]";"https://link.springer.com/article/10.1007/s10722-021-01287-1";"Shiliang Chen, Yaqian Sun, Zhenqi Shao, Jiahao Chu… in Genetic Resources and Crop Evolution (2022)";"Article";"
      Soybean [Glycine max (L.) Merr.] is widely planted in the world, and provides most of the plant protein and oil for humans. Fresh pod and seed are the basic harvested organs in vegetable soybean production, and a...
    ";"https://citation-needed.springer.com/v2/references/10.1007/s10722-021-01287-1?format=refman&flavour=citation"
"84";"Variability and association among some pomological and physiochemical traits in spring frost tolerant genotypes of Persian walnut (Juglans regia L.) and selection of genotypes with superior traits based on machine learning algorithms";"https://link.springer.com/article/10.1007/s10722-021-01270-w";"Bahman Panahi, Sadegh Tajaddod… in Genetic Resources and Crop Evolution (2022)";"Article";"
      Persian walnut (Juglans regia L.) is an economically important species of edible nuts. In the present study, northwest regions of Iran were explored to find the spring frost resistant Persian walnut genotypes. Po...
    ";"https://citation-needed.springer.com/v2/references/10.1007/s10722-021-01270-w?format=refman&flavour=citation"
"85";"Genome-wide assessment of genetic diversity and population structure of Platostoma palustre in southern China and implications for conservation and breeding strategies";"https://link.springer.com/article/10.1007/s10722-021-01308-z";"Qi Li, Wei Xia, Qian Li, Xuezhi Liang… in Genetic Resources and Crop Evolution (2022)";"Article";"
      Platostoma palustre (syn Mesona chinensis) (Lamiaceae) is an herbal plant used in traditional medicine and as food. During domestication over centuries, the plants for cultivation were propagated vegetatively by ...
    ";"https://citation-needed.springer.com/v2/references/10.1007/s10722-021-01308-z?format=refman&flavour=citation"
"86";"Diallel analysis for morphoagronomic descriptors in Physalis angulata L. hybrids";"https://link.springer.com/article/10.1007/s10722-021-01327-w";"José Williano de Souza Farias… in Genetic Resources and Crop Evolution (2022)";"Article";"
      Physalis angulata L. is an American species with edible fruits that stands out for having high nutritional and pharmaceutical value. The species is found in almost the entire Brazilian territory but the consumpti...
    ";"https://citation-needed.springer.com/v2/references/10.1007/s10722-021-01327-w?format=refman&flavour=citation"
"87";"How to save a landrace from extinction: the example of a winter squash landrace (Cucurbita maxima Duchesne) in Northern Italy (Lungavilla-Pavia)";"https://link.springer.com/article/10.1007/s10722-021-01294-2";"L. Andreani, G. Camerini, C. Delogu, M. Fibiani… in Genetic Resources and Crop Evolution (2022)";"Article";"
      The present work shows the results of a seven-year project aimed at rescuing the winter squash (Cucurbita maxima Duchesne) landrace ‘Berrettina di Lungavilla’, which is grown in the Po flood plain (Northern Italy...
    ";"https://citation-needed.springer.com/v2/references/10.1007/s10722-021-01294-2?format=refman&flavour=citation"
"88";"Multi-level characterization of perennial cotton (Gossypium hirsutum L. race marie-galante Hutch.) populations from the northeastern Brazil to the breeding and conservation of this germplasm";"https://link.springer.com/article/10.1007/s10722-021-01299-x";"Fernando dos Santos Araújo… in Genetic Resources and Crop Evolution (2022)";"Article";"
      The remaining populations of perennial cotton (Gossypium hirsutum L. r. marie-galante Hutch.) that occur in northeastern Brazil are part of the primary gene pool for the creation of modern upland cotton cultivars...
    ";"https://citation-needed.springer.com/v2/references/10.1007/s10722-021-01299-x?format=refman&flavour=citation"
"89";"Surveying Grassland Islands: the genetics and performance of Appalachian switchgrass (Panicum virgatum L.) collections";"https://link.springer.com/article/10.1007/s10722-021-01282-6";"Neal W. Tilhou, Michael D. Casler in Genetic Resources and Crop Evolution (2022)";"Article";"
      The interior Southeastern United States could contain novel germplasm for the bioenergy crop switchgrass due to its diverse habitats and geographic location between genetic subpopulations (Atlantic, Midwest, a...
    ";"https://citation-needed.springer.com/v2/references/10.1007/s10722-021-01282-6?format=refman&flavour=citation"
"90";"Analysis of genetic variability and agronomic performance of Indian lettuce (Lactuca indica L.)";"https://link.springer.com/article/10.1007/s10722-021-01306-1";"Bal Kumari Oliya, Moon Young Kim, Jungmin Ha… in Genetic Resources and Crop Evolution (2022)";"Article";"
      Lactuca indica L. is an undomesticated medicinal crop in the Asteraceae family. The study was carried out to identify elite genotypes for lettuce cultivation and breeding improvement. Data was recorded for 19 mor...
    ";"https://citation-needed.springer.com/v2/references/10.1007/s10722-021-01306-1?format=refman&flavour=citation"
"91";"The plastome of the husk tomato (Physalis philadelphica Lam., Solanaceae): a comparative analysis between wild and cultivated pools";"https://link.springer.com/article/10.1007/s10722-021-01334-x";"Isaac Sandoval-Padilla, Jessica Pérez-Alquicira… in Genetic Resources and Crop Evolution (2022)";"Article";"
      The fruits of P. philadelphica are of economic value in Mexico. The plants grow wild or cultivated in traditional farming systems. They are also produced as monoculture. Between the wild and cultivated pools, mor...
    ";"https://citation-needed.springer.com/v2/references/10.1007/s10722-021-01334-x?format=refman&flavour=citation"
"92";"Assessment of genetic diversity among Chinese high-oleic peanut genotypes using miniature inverted-repeat transposable element markers";"https://link.springer.com/article/10.1007/s10722-021-01341-y";"Chuan Tang Wang, Guo Sheng Song, Zhi Wei Wang… in Genetic Resources and Crop Evolution (2022)";"Article";"
      As compared with normal-oleic peanuts, high-oleic peanuts proved to be heart-healthier and had a prolonged shelf life and extended seed longevity. However, there have been concerns about the genetic diversity ...
    ";"https://citation-needed.springer.com/v2/references/10.1007/s10722-021-01341-y?format=refman&flavour=citation"
"93";"Morphology and genetic diversity of Marrubium cuneatum Russell and M. parviflorum Fisch. & C.A. Mey";"https://link.springer.com/article/10.1007/s10722-022-01358-x";"Seyed Mehdi Talebi, Fatemeh Arianejad… in Genetic Resources and Crop Evolution (2022)";"Article";"
      Marrubium parviflorum Fisch. & C.A. Mey. and Marrubium cuneatum Russell, are naturally distributed in various parts of Iran. It is difficult to clearly identify these species, because of their morphological simil...
    ";"https://citation-needed.springer.com/v2/references/10.1007/s10722-022-01358-x?format=refman&flavour=citation"
"94";"Correction to: A prioritised inventory of crop wild relatives and wild harvested plants of Tunisia";"https://link.springer.com/article/10.1007/s10722-022-01353-2";"Ridha El Mokni, Giulio Barone, Nigel Maxted… in Genetic Resources and Crop Evolution (2022)";"Article";"
      
    ";"https://citation-needed.springer.com/v2/references/10.1007/s10722-022-01353-2?format=refman&flavour=citation"
"95";"Multiple genes confer anthracnose resistance in French bean (Phaseolus vulgaris L.) accessions of Garhwal Himalayas";"https://link.springer.com/article/10.1007/s10722-021-01266-6";"Deepti Prabha, Navneeti Chamoli, Yogesh Kumar Negi… in Genetic Resources and Crop Evolution (2022)";"Article";"
      The Indian Himalayan region is very rich in the genetic diversity of French bean and therefore considered as the secondary centre of origin of French bean. Though, a good diversity of French bean (Phaseolus vulga...
    ";"https://citation-needed.springer.com/v2/references/10.1007/s10722-021-01266-6?format=refman&flavour=citation"
"96";"Molecular markers based genetic relatedness studies in tissue culture propagated japanese plum cultivars Santa Rosa and Frontier";"https://link.springer.com/article/10.1007/s10722-021-01325-y";"Manisha Thakur, Rakshandha Luharch, Vishal Sharma… in Genetic Resources and Crop Evolution (2022)";"Article";"
      Santa Rosa and Frontier are the major Japanese plum (Prunus salicina Lindl.) cultivars grown throughout the world. The present investigation was performed to understand the genetic relatedness among in vitro prop...
    ";"https://citation-needed.springer.com/v2/references/10.1007/s10722-021-01325-y?format=refman&flavour=citation"
"97";"Evolution under domestication of correlated characters in populations of Stenocereus stellatus (Pfeiff.) Riccob., under different forms of management in central Mexico: genetic diversity, damage, and defense mechanisms";"https://link.springer.com/article/10.1007/s10722-021-01245-x";"Verónica Patiño-López, David Bravo-Avilez… in Genetic Resources and Crop Evolution (2022)";"Article";"
      Across the process of domestication, human selection produces changes in target attributes as well as changes that are not necessarily desired by humans due to pleiotropic or linked genes. In this paper we add...
    ";"https://citation-needed.springer.com/v2/references/10.1007/s10722-021-01245-x?format=refman&flavour=citation"
"98";"A new look at the genus Crocus L. phylogeny and speciation: Insight from molecular data and chromosome geography";"https://link.springer.com/article/10.1007/s10722-021-01269-3";"Mohammad Mohebi Anabat, Masoud Sheidai… in Genetic Resources and Crop Evolution (2022)";"Article";"
      The genus Crocus of the family Iridaceae is a monophyletic genus with over 100 species. Due to the high degree of hybridization and the changes in the number of chromosomes known to have occurred in the genus Cro...
    ";"https://citation-needed.springer.com/v2/references/10.1007/s10722-021-01269-3?format=refman&flavour=citation"
"99";"DNA fingerprinting: an overview on genetic diversity studies in the botanical taxa of Indian Bamboo";"https://link.springer.com/article/10.1007/s10722-021-01280-8";"Subin Boban, Shrinkhla Maurya, Zenu Jha in Genetic Resources and Crop Evolution (2022)";"Article";"
      Bamboo is an economically important member of the grass family Poaceae with over 1500 documented uses. India has the 2nd largest reserve of bamboo in Asia after China. It is also called “Poor man’s timber”, “G...
    ";"https://citation-needed.springer.com/v2/references/10.1007/s10722-021-01280-8?format=refman&flavour=citation"
"100";"Development of near-isogenic lines of durum wheat (Triticum durum Desf.) for glaucousness inhibitor loci Iw1, Iw3 and Iw4 derived from wild relatives";"https://link.springer.com/article/10.1007/s10722-021-01252-y";"N. Watanabe in Genetic Resources and Crop Evolution (2022)";"Article";"
      The majority of cultivated wheat varieties have glaucous spikes, leaves and leaf sheaths, and the non-glaucous phenotype is rare in modern varieties. The glaucousness/non-glaucousness phenotype is not selectiv...
    ";"https://citation-needed.springer.com/v2/references/10.1007/s10722-021-01252-y?format=refman&flavour=citation"
